fund_symbol,price_date,open,high,low,close,adj_close,volume
AAA,2020-09-09,25.1,25.12,25.07,25.07,24.85,17300
AAA,2020-09-10,25.06,25.07,25.05,25.07,24.85,23500
AAA,2020-09-11,25.04,25.05,25.02,25.03,24.81,33400
AAA,2020-09-14,25.01,25.06,25.01,25.02,24.8,13100
AAA,2020-09-15,25.02,25.03,25.01,25.01,24.79,12100
AAA,2020-09-16,24.97,24.98,24.97,24.97,24.75,14100
AAA,2020-09-17,24.99,25.0,24.98,24.98,24.76,15200
AAA,2020-09-18,24.97,24.98,24.97,24.98,24.76,5300
AAA,2020-09-21,24.99,24.99,24.98,24.98,24.76,8600
AAA,2020-09-22,24.98,24.99,24.98,24.98,24.76,8100
AAA,2020-09-23,24.99,25.0,24.99,24.99,24.77,4400
AAA,2020-09-24,24.99,24.99,24.98,24.98,24.76,7000
AAA,2020-09-25,24.99,25.0,24.97,24.98,24.76,115400
AAA,2020-09-28,24.96,24.97,24.95,24.95,24.74,6200
AAA,2020-09-29,24.94,24.95,24.93,24.94,24.73,8000
AAA,2020-09-30,24.96,24.97,24.96,24.96,24.74,5400
AAA,2020-10-01,24.93,24.93,24.92,24.92,24.71,24900
AAA,2020-10-02,24.91,24.92,24.91,24.92,24.71,3000
AAA,2020-10-05,24.91,24.94,24.91,24.92,24.71,28900
AAA,2020-10-06,24.89,24.91,24.89,24.91,24.7,3900
AAA,2020-10-07,24.9,24.91,24.9,24.9,24.69,3800
AAA,2020-10-08,24.9,24.91,24.9,24.9,24.69,1700
AAA,2020-10-09,24.88,24.91,24.88,24.9,24.69,16000
AAA,2020-10-12,24.9,24.9,24.9,24.9,24.69,600
AAA,2020-10-13,24.92,24.92,24.91,24.91,24.7,400
AAA,2020-10-14,24.92,24.92,24.91,24.91,24.7,300
AAA,2020-10-15,24.91,24.92,24.9,24.91,24.7,2200
AAA,2020-10-16,24.91,24.91,24.9,24.91,24.7,600
AAA,2020-10-19,24.9,24.91,24.9,24.91,24.7,6300
AAA,2020-10-20,24.91,24.92,24.9,24.91,24.7,16800
AAA,2020-10-21,24.95,24.95,24.95,24.95,24.74,2700
AAA,2020-10-22,24.94,24.94,24.93,24.93,24.73,1900
AAA,2020-10-23,24.95,24.95,24.95,24.95,24.75,500
AAA,2020-10-26,24.96,24.96,24.94,24.95,24.74,700
AAA,2020-10-27,24.96,24.96,24.95,24.95,24.75,100
AAA,2020-10-28,24.95,24.96,24.95,24.95,24.75,1300
AAA,2020-10-29,24.94,24.96,24.94,24.94,24.74,1800
AAA,2020-10-30,24.95,24.95,24.94,24.95,24.74,1600
AAA,2020-11-02,24.9,24.9,24.89,24.89,24.71,9200
AAA,2020-11-03,24.89,24.89,24.89,24.89,24.71,100
AAA,2020-11-04,24.88,24.9,24.88,24.89,24.71,200
AAA,2020-11-05,24.87,24.87,24.87,24.87,24.69,1100
AAA,2020-11-06,24.89,24.89,24.89,24.89,24.7,100
AAA,2020-11-09,24.93,24.94,24.93,24.93,24.75,3900
AAA,2020-11-10,24.94,24.94,24.92,24.92,24.74,1800
AAA,2020-11-11,24.93,24.93,24.93,24.93,24.75,100
AAA,2020-11-12,24.94,24.94,24.94,24.94,24.76,300
AAA,2020-11-13,25.0,25.01,25.0,25.01,24.83,1500
AAA,2020-11-16,25.01,25.02,25.01,25.01,24.83,5200
AAA,2020-11-17,25.01,25.01,25.0,25.0,24.82,2600
AAA,2020-11-18,25.03,25.05,25.01,25.03,24.85,27900
AAA,2020-11-19,25.03,25.03,25.03,25.03,24.85,1500
AAA,2020-11-20,25.03,25.04,25.03,25.04,24.86,4800
AAA,2020-11-23,25.04,25.04,25.04,25.04,24.86,0
AAA,2020-11-24,25.05,25.05,25.04,25.04,24.86,800
AAA,2020-11-25,25.05,25.05,25.05,25.05,24.87,200
AAA,2020-11-27,25.05,25.05,25.05,25.05,24.87,300
AAA,2020-11-30,25.05,25.05,25.04,25.05,24.87,2700
AAA,2020-12-01,25.04,25.04,25.03,25.03,24.87,300
AAA,2020-12-02,25.02,25.03,25.02,25.03,24.87,2400
AAA,2020-12-03,25.04,25.04,25.04,25.04,24.88,500
AAA,2020-12-04,25.05,25.05,25.05,25.05,24.89,800
AAA,2020-12-07,25.06,25.06,25.06,25.06,24.89,600
AAA,2020-12-08,25.05,25.06,25.05,25.05,24.89,3000
AAA,2020-12-09,25.06,25.06,25.06,25.06,24.9,100
AAA,2020-12-10,25.06,25.06,25.06,25.06,24.9,200
AAA,2020-12-11,25.07,25.07,25.06,25.06,24.9,800
AAA,2020-12-14,25.06,25.06,25.06,25.06,24.9,1100
AAA,2020-12-15,25.06,25.06,25.06,25.06,24.9,1900
AAA,2020-12-16,25.07,25.07,25.07,25.07,24.91,100
AAA,2020-12-17,25.07,25.09,25.07,25.07,24.91,1500
AAA,2020-12-18,25.07,25.08,25.07,25.08,24.92,3000
AAA,2020-12-21,25.08,25.08,25.07,25.07,24.91,2700
AAA,2020-12-22,25.08,25.08,25.08,25.08,24.92,1300
AAA,2020-12-23,25.08,25.09,25.08,25.09,24.93,1800
AAA,2020-12-24,25.09,25.09,25.09,25.09,24.93,1200
AAA,2020-12-28,25.08,25.09,25.08,25.09,24.93,700
AAA,2020-12-29,25.07,25.07,25.07,25.07,24.93,900
AAA,2020-12-30,25.06,25.07,25.06,25.07,24.93,2400
AAA,2020-12-31,25.07,25.07,25.07,25.07,24.93,100
AAA,2021-01-04,25.07,25.07,25.07,25.07,24.93,3700
AAA,2021-01-05,25.08,25.08,25.07,25.08,24.94,2300
AAA,2021-01-06,25.08,25.09,25.08,25.08,24.94,600
AAA,2021-01-07,25.08,25.08,25.08,25.08,24.94,400
AAA,2021-01-08,25.08,25.08,25.07,25.07,24.93,5300
AAA,2021-01-11,25.07,25.1,25.07,25.08,24.95,2000
AAA,2021-01-12,25.11,25.11,25.1,25.1,24.96,800
AAA,2021-01-13,25.09,25.09,25.09,25.09,24.95,100
AAA,2021-01-14,25.1,25.1,25.1,25.1,24.97,200
AAA,2021-01-15,25.14,25.14,25.12,25.12,24.98,2400
AAA,2021-01-19,25.16,25.16,25.15,25.15,25.01,2800
AAA,2021-01-20,25.15,25.15,25.15,25.15,25.01,100
AAA,2021-01-21,25.15,25.15,25.14,25.15,25.01,3600
AAA,2021-01-22,25.16,25.17,25.16,25.16,25.02,1600
AAA,2021-01-25,25.16,25.16,25.16,25.16,25.01,100
AAA,2021-01-26,25.16,25.17,25.16,25.17,25.02,500
AAA,2021-01-27,25.14,25.15,25.14,25.15,25.01,500
AAA,2021-01-28,25.15,25.15,25.15,25.15,25.01,200
AAA,2021-01-29,25.16,25.16,25.15,25.15,25.0,3100
AAA,2021-02-01,25.14,25.14,25.13,25.13,25.01,1300
AAA,2021-02-02,25.13,25.13,25.13,25.13,25.01,1700
AAA,2021-02-03,25.2,25.4,25.12,25.12,25.0,1200
AAA,2021-02-04,24.84,25.15,24.84,25.13,25.01,10200
AAA,2021-02-05,25.14,25.14,25.14,25.14,25.02,1800
AAA,2021-02-08,25.15,25.15,25.14,25.14,25.02,2600
AAA,2021-02-09,25.13,25.13,25.13,25.13,25.01,1000
AAA,2021-02-10,25.12,25.14,25.12,25.14,25.02,700
AAA,2021-02-11,25.14,25.14,25.13,25.13,25.01,1300
AAA,2021-02-12,25.13,25.13,25.12,25.12,25.0,500
AAA,2021-02-16,25.13,25.13,25.12,25.12,25.0,300
AAA,2021-02-17,25.14,25.14,25.13,25.13,25.01,400
AAA,2021-02-18,25.14,25.14,25.13,25.13,25.01,200
AAA,2021-02-19,25.13,25.13,25.13,25.13,25.01,100
AAA,2021-02-22,25.09,25.09,25.09,25.09,24.97,600
AAA,2021-02-23,25.06,25.08,25.06,25.07,24.95,500
AAA,2021-02-24,25.08,25.08,25.07,25.07,24.95,1600
AAA,2021-02-25,25.07,25.08,25.07,25.08,24.96,400
AAA,2021-02-26,25.07,25.07,25.06,25.07,24.95,1000
AAA,2021-03-01,25.05,25.05,25.04,25.05,24.95,800
AAA,2021-03-02,25.06,25.06,25.06,25.06,24.96,200
AAA,2021-03-03,25.07,25.07,25.07,25.07,24.97,300
AAA,2021-03-04,25.09,25.09,25.08,25.08,24.99,600
AAA,2021-03-05,25.1,25.1,25.08,25.09,24.99,3700
AAA,2021-03-08,25.1,25.1,25.07,25.07,24.97,13000
AAA,2021-03-09,25.06,25.07,25.05,25.07,24.97,12500
AAA,2021-03-10,25.09,25.09,25.08,25.08,24.98,1900
AAA,2021-03-11,25.09,25.09,25.08,25.08,24.98,600
AAA,2021-03-12,25.08,25.08,25.08,25.08,24.98,700
AAA,2021-03-15,25.09,25.09,25.09,25.09,24.99,100
AAA,2021-03-16,25.08,25.08,25.08,25.08,24.98,0
AAA,2021-03-17,25.09,25.09,25.09,25.09,24.99,0
AAA,2021-03-18,25.08,25.09,25.08,25.09,24.99,200
AAA,2021-03-19,25.09,25.09,25.09,25.09,24.99,600
AAA,2021-03-22,25.08,25.08,25.08,25.08,24.98,200
AAA,2021-03-23,25.07,25.09,25.06,25.06,24.96,15000
AAA,2021-03-24,25.07,25.07,25.06,25.06,24.96,500
AAA,2021-03-25,25.06,25.06,25.06,25.06,24.96,100
AAA,2021-03-26,25.06,25.06,25.06,25.06,24.96,100
AAA,2021-03-29,25.05,25.05,25.05,25.05,24.95,500
AAA,2021-03-30,25.05,25.07,25.05,25.06,24.96,15500
AAA,2021-03-31,25.04,25.04,25.04,25.04,24.97,100
AAA,2021-04-01,25.04,25.04,25.04,25.04,24.97,100
AAA,2021-04-05,25.04,25.04,25.04,25.04,24.97,100
AAA,2021-04-06,25.05,25.06,25.05,25.06,24.98,5200
AAA,2021-04-07,25.06,25.06,25.05,25.05,24.98,800
AAA,2021-04-08,25.06,25.06,25.05,25.05,24.98,200
AAA,2021-04-09,25.06,25.06,25.05,25.05,24.98,100
AAA,2021-04-12,25.05,25.05,25.05,25.05,24.98,100
AAA,2021-04-13,25.05,25.05,25.03,25.04,24.97,4000
AAA,2021-04-14,25.05,25.05,25.04,25.04,24.97,200
AAA,2021-04-15,25.04,25.05,25.04,25.05,24.98,900
AAA,2021-04-16,25.05,25.06,25.05,25.05,24.98,2300
AAA,2021-04-19,25.05,25.05,25.05,25.05,24.98,100
AAA,2021-04-20,25.05,25.06,25.04,25.05,24.98,1300
AAA,2021-04-21,25.04,25.04,25.04,25.04,24.97,100
AAA,2021-04-22,25.05,25.05,25.04,25.04,24.97,200
AAA,2021-04-23,25.05,25.05,25.04,25.05,24.97,200
AAA,2021-04-26,25.04,25.04,25.03,25.03,24.96,200
AAA,2021-04-27,25.03,25.04,25.03,25.03,24.96,1400
AAA,2021-04-28,25.03,25.12,25.02,25.04,24.97,8200
AAA,2021-04-29,25.05,25.05,25.04,25.04,24.97,600
AAA,2021-04-30,25.04,25.04,25.04,25.04,24.97,100
AAA,2021-05-03,25.0,25.0,25.0,25.0,24.96,300
AAA,2021-05-04,25.03,25.03,25.02,25.02,24.97,2000
AAA,2021-05-05,25.01,25.01,24.97,24.99,24.94,37500
AAA,2021-05-06,25.0,25.0,25.0,25.0,24.95,800
AAA,2021-05-07,24.99,24.99,24.99,24.99,24.94,800
AAA,2021-05-10,25.01,25.01,25.01,25.01,24.96,100
AAA,2021-05-11,25.02,25.02,25.01,25.01,24.96,200
AAA,2021-05-12,25.02,25.02,25.0,25.0,24.95,1800
AAA,2021-05-13,25.02,25.2,25.0,25.0,24.96,300
AAA,2021-05-14,25.02,25.02,25.0,25.0,24.96,300
AAA,2021-05-17,25.0,25.0,25.0,25.0,24.96,100
AAA,2021-05-18,25.02,25.02,25.0,25.0,24.96,500
AAA,2021-05-19,25.0,25.02,24.99,25.0,24.96,7600
AAA,2021-05-20,25.0,25.01,25.0,25.01,24.97,1200
AAA,2021-05-21,25.01,25.01,25.01,25.01,24.97,100
AAA,2021-05-24,25.0,25.02,24.91,25.01,24.97,3400
AAA,2021-05-25,25.0,25.02,25.0,25.02,24.97,9300
AAA,2021-05-26,25.01,25.01,25.01,25.01,24.97,100
AAA,2021-05-27,25.03,25.03,25.0,25.01,24.97,1400
AAA,2021-05-28,25.01,25.02,25.0,25.0,24.96,3400
AAA,2021-06-01,25.0,25.0,24.97,24.99,24.96,10400
AAA,2021-06-02,25.0,25.0,25.0,25.0,24.97,2000
AAA,2021-06-03,25.01,25.01,25.0,25.0,24.97,100
AAA,2021-06-04,25.01,25.01,25.0,25.0,24.97,200
AAA,2021-06-07,25.0,25.0,25.0,25.0,24.97,100
AAA,2021-06-08,25.01,25.01,25.0,25.0,24.97,100
AAA,2021-06-09,25.01,25.01,25.01,25.01,24.99,100
AAA,2021-06-10,25.02,25.02,25.0,25.0,24.98,600
AAA,2021-06-11,25.01,25.01,25.01,25.01,24.99,100
AAA,2021-06-14,25.01,25.01,25.01,25.01,24.99,200
AAA,2021-06-15,25.01,25.01,25.01,25.01,24.99,100
AAA,2021-06-16,25.02,25.02,25.01,25.01,24.99,100
AAA,2021-06-17,25.02,25.02,25.01,25.01,24.99,200
AAA,2021-06-18,25.03,25.04,25.03,25.04,25.02,600
AAA,2021-06-21,25.03,25.03,25.02,25.02,25.0,1000
AAA,2021-06-22,25.01,25.03,25.01,25.02,25.0,2200
AAA,2021-06-23,25.0,25.04,25.0,25.0,24.98,1800
AAA,2021-06-24,25.02,25.02,25.02,25.02,25.0,1200
AAA,2021-06-25,25.03,25.04,25.01,25.01,24.99,1200
AAA,2021-06-28,25.04,25.04,25.01,25.02,25.0,1400
AAA,2021-06-29,25.04,25.04,25.02,25.02,25.0,2800
AAA,2021-06-30,25.04,25.04,25.01,25.02,25.0,3100
AAA,2021-07-01,25.0,25.0,25.0,25.0,25.0,100
AAA,2021-07-02,24.98,25.0,24.98,25.0,25.0,500
AAA,2021-07-06,25.0,25.0,25.0,25.0,25.0,400
AAA,2021-07-07,25.0,25.0,25.0,25.0,25.0,100
AAA,2021-07-08,25.0,25.0,25.0,25.0,25.0,100
AAA,2021-07-09,24.99,25.0,24.99,25.0,25.0,600
AAA,2021-07-12,25.0,25.0,25.0,25.0,25.0,100
AAA,2021-07-13,25.01,25.01,25.0,25.0,25.0,2200
AAA,2021-07-14,25.01,25.01,25.01,25.01,25.01,400
AAA,2021-07-15,25.01,25.01,25.01,25.01,25.01,600
AAA,2021-07-16,25.01,25.01,25.01,25.01,25.01,1000
AAA,2021-07-19,25.0,25.02,25.0,25.01,25.01,3100
AAA,2021-07-20,25.02,25.02,25.01,25.01,25.01,1300
AAA,2021-07-21,25.02,25.02,25.0,25.01,25.01,1400
AAA,2021-07-22,25.02,25.02,25.02,25.02,25.02,600
AAA,2021-07-23,25.02,25.02,25.02,25.02,25.02,600
AAA,2021-07-26,25.02,25.02,25.02,25.02,25.02,500
AAA,2021-07-27,25.03,25.03,24.99,25.02,25.02,1600
AAA,2021-07-28,25.02,25.02,25.02,25.02,25.02,900
AAA,2021-07-29,25.02,25.02,25.02,25.02,25.02,600
AAA,2021-07-30,25.02,25.02,25.02,25.02,25.02,200
AAA,2021-08-02,25.0,25.0,25.0,25.0,25.0,100
AAA,2021-08-03,25.0,25.0,25.0,25.0,25.0,100
AAA,2021-08-04,25.0,25.0,24.99,25.0,25.0,300
AAA,2021-08-05,25.01,25.01,25.01,25.01,25.01,100
AAA,2021-08-06,25.0,25.01,25.0,25.01,25.01,500
AAA,2021-08-09,25.0,25.01,25.0,25.01,25.01,1300
AAA,2021-08-10,25.01,25.01,25.01,25.01,25.01,400
AAA,2021-08-11,25.01,25.01,25.01,25.01,25.01,100
AAA,2021-08-12,25.01,25.01,25.01,25.01,25.01,300
AAA,2021-08-13,25.01,25.01,25.01,25.01,25.01,100
AAA,2021-08-16,25.01,25.01,25.0,25.01,25.01,1200
AAA,2021-08-17,25.0,25.01,25.0,25.01,25.01,600
AAA,2021-08-18,25.02,25.02,25.02,25.02,25.02,300
AAA,2021-08-19,25.01,25.01,25.01,25.01,25.01,600
AAA,2021-08-20,25.01,25.01,25.01,25.01,25.01,700
AAA,2021-08-23,25.0,25.01,25.0,25.01,25.01,200
AAA,2021-08-24,25.03,25.03,25.01,25.01,25.01,300
AAA,2021-08-25,25.0,25.01,25.0,25.01,25.01,500
AAA,2021-08-26,25.03,25.03,25.01,25.01,25.01,100
AAA,2021-08-27,25.01,25.01,25.01,25.01,25.01,100
AAA,2021-08-30,25.02,25.02,25.02,25.02,25.02,100
AAA,2021-08-31,25.0,25.0,25.0,25.0,25.0,800
AAA,2021-09-01,24.99,25.0,24.99,25.0,25.0,200
AAA,2021-09-02,25.01,25.01,25.0,25.0,25.0,200
AAA,2021-09-03,24.99,25.0,24.99,25.0,25.0,200
AAA,2021-09-07,25.0,25.0,25.0,25.0,25.0,100
AAA,2021-09-08,25.02,25.02,25.0,25.0,25.0,300
AAA,2021-09-09,25.01,25.01,25.0,25.0,25.0,100
AAA,2021-09-10,25.0,25.0,25.0,25.0,25.0,200
AAA,2021-09-13,25.0,25.0,25.0,25.0,25.0,1700
AAA,2021-09-14,25.0,25.01,25.0,25.01,25.01,200
AAA,2021-09-15,25.0,25.0,25.0,25.0,25.0,100
AAA,2021-09-16,25.0,25.0,25.0,25.0,25.0,100
AAA,2021-09-17,25.01,25.01,25.0,25.0,25.0,100
AAA,2021-09-20,25.01,25.01,25.0,25.0,25.0,600
AAA,2021-09-21,25.01,25.01,25.0,25.0,25.0,100
AAA,2021-09-22,25.01,25.01,25.01,25.01,25.01,300
AAA,2021-09-23,25.01,25.01,25.01,25.01,25.01,400
AAA,2021-09-24,25.01,25.01,25.01,25.01,25.01,100
AAA,2021-09-27,25.02,25.02,25.01,25.01,25.01,800
AAA,2021-09-28,25.01,25.03,25.01,25.02,25.02,1200
AAA,2021-09-29,25.02,25.02,25.02,25.02,25.02,1900
AAA,2021-09-30,25.02,25.02,25.01,25.01,25.01,400
AAA,2021-10-01,25.0,25.0,25.0,25.0,25.0,1000
AAA,2021-10-04,25.01,25.01,24.99,25.0,25.0,2900
AAA,2021-10-05,25.0,25.0,24.99,24.99,24.99,2300
AAA,2021-10-06,24.99,24.99,24.99,24.99,24.99,500
AAA,2021-10-07,25.0,25.0,25.0,25.0,25.0,1400
AAA,2021-10-08,25.0,25.0,25.0,25.0,25.0,3900
AAA,2021-10-11,25.0,25.0,25.0,25.0,25.0,700
AAA,2021-10-12,25.0,25.0,25.0,25.0,25.0,4800
AAA,2021-10-13,25.01,25.01,25.0,25.0,25.0,100
AAA,2021-10-14,25.0,25.0,25.0,25.0,25.0,100
AAA,2021-10-15,25.01,25.01,25.0,25.0,25.0,600
AAA,2021-10-18,25.01,25.01,25.0,25.0,25.0,700
AAA,2021-10-19,25.0,25.0,25.0,25.0,25.0,700
AAA,2021-10-20,25.01,25.01,25.0,25.0,25.0,100
AAA,2021-10-21,25.0,25.0,25.0,25.0,25.0,100
AAA,2021-10-22,25.01,25.01,25.0,25.0,25.0,1000
AAA,2021-10-25,24.99,25.0,24.99,25.0,25.0,100
AAA,2021-10-26,25.01,25.01,25.01,25.01,25.01,100
AAA,2021-10-27,25.02,25.02,25.01,25.01,25.01,600
AAA,2021-10-28,25.0,25.0,25.0,25.0,25.0,1100
AAA,2021-10-29,24.99,25.0,24.99,25.0,25.0,400
AAA,2021-11-01,24.99,24.99,24.99,24.99,24.99,100
AAA,2021-11-02,24.99,24.99,24.99,24.99,24.99,100
AAA,2021-11-03,24.98,24.99,24.98,24.99,24.99,700
AAA,2021-11-04,24.99,24.99,24.99,24.99,24.99,100
AAA,2021-11-05,24.99,25.03,24.99,25.03,25.03,1300
AAA,2021-11-08,25.05,25.05,25.05,25.05,25.05,200
AAA,2021-11-09,25.05,25.05,25.02,25.02,25.02,4300
AAA,2021-11-10,25.05,25.05,25.04,25.04,25.04,2900
AAA,2021-11-11,25.05,25.05,25.05,25.05,25.05,100
AAA,2021-11-12,25.04,25.06,25.02,25.02,25.02,2500
AAA,2021-11-15,25.02,25.04,25.02,25.04,25.04,500
AAA,2021-11-16,25.06,25.06,25.04,25.04,25.04,1100
AAA,2021-11-17,25.06,25.06,25.05,25.05,25.05,500
AAA,2021-11-18,25.02,25.04,25.02,25.04,25.04,200
AAA,2021-11-19,25.04,25.04,25.02,25.02,25.02,300
AAA,2021-11-22,25.05,25.06,25.05,25.05,25.05,500
AAA,2021-11-23,25.04,25.04,25.02,25.03,25.03,27800
AAA,2021-11-24,25.03,25.04,25.02,25.02,25.02,500
AAA,2021-11-26,25.04,25.04,25.02,25.02,25.02,500
AAA,2021-11-29,25.02,25.03,25.02,25.03,25.03,900
AAA,2021-11-30,25.04,25.04,25.04,25.04,25.04,100
AAAU,2018-08-15,11.84,11.84,11.74,11.74,11.74,27300
AAAU,2018-08-16,11.78,11.8,11.74,11.74,11.74,428400
AAAU,2018-08-17,11.8,11.82,11.77,11.82,11.82,52400
AAAU,2018-08-20,11.88,11.91,11.85,11.9,11.9,28700
AAAU,2018-08-21,11.92,11.95,11.89,11.93,11.93,30600
AAAU,2018-08-22,11.98,11.98,11.94,11.96,11.96,101200
AAAU,2018-08-23,11.91,11.92,11.85,11.85,11.85,54800
AAAU,2018-08-24,11.97,12.08,11.96,12.05,12.05,106500
AAAU,2018-08-27,12.06,12.13,12.06,12.1,12.1,295100
AAAU,2018-08-28,12.13,12.13,12.01,12.01,12.01,30400
AAAU,2018-08-29,12.06,12.06,12.03,12.05,12.05,31800
AAAU,2018-08-30,12.03,12.03,11.97,12.01,12.01,804500
AAAU,2018-08-31,12.04,12.05,11.99,12.0,12.0,39500
AAAU,2018-09-04,11.91,11.94,11.9,11.92,11.92,6000
AAAU,2018-09-05,11.98,11.98,11.96,11.97,11.97,1032800
AAAU,2018-09-06,12.07,12.07,11.98,12.0,12.0,22900
AAAU,2018-09-07,11.97,11.98,11.94,11.96,11.96,20500
AAAU,2018-09-10,11.97,11.97,11.94,11.95,11.95,64300
AAAU,2018-09-11,11.9,11.96,11.88,11.96,11.96,6800
AAAU,2018-09-12,12.03,12.07,12.02,12.07,12.07,1600
AAAU,2018-09-13,12.12,12.12,12.01,12.01,12.01,5900
AAAU,2018-09-14,12.01,12.01,11.93,11.93,11.93,13700
AAAU,2018-09-17,12.01,12.04,12.0,12.01,12.01,2214000
AAAU,2018-09-18,12.03,12.03,11.98,11.98,11.98,1000
AAAU,2018-09-19,12.04,12.04,12.03,12.03,12.03,17400
AAAU,2018-09-20,12.06,12.07,12.04,12.06,12.06,8300
AAAU,2018-09-21,12.0,12.0,11.97,11.99,11.99,3000
AAAU,2018-09-24,12.01,12.03,12.0,12.0,12.0,31500
AAAU,2018-09-25,12.02,12.02,12.01,12.01,12.01,551600
AAAU,2018-09-26,11.96,11.99,11.91,11.95,11.95,166500
AAAU,2018-09-27,11.85,11.87,11.83,11.84,11.84,25400
AAAU,2018-09-28,11.85,11.93,11.85,11.92,11.92,24500
AAAU,2018-10-01,11.88,11.9,11.88,11.89,11.89,3300
AAAU,2018-10-02,12.01,12.07,12.01,12.03,12.03,118700
AAAU,2018-10-03,12.04,12.04,11.98,11.98,11.98,26100
AAAU,2018-10-04,12.04,12.04,11.98,11.98,11.98,7300
AAAU,2018-10-05,12.02,12.04,12.01,12.01,12.01,4400
AAAU,2018-10-08,11.86,11.87,11.83,11.86,11.86,168200
AAAU,2018-10-09,11.86,11.89,11.86,11.87,11.87,202900
AAAU,2018-10-10,11.87,11.93,11.87,11.93,11.93,16600
AAAU,2018-10-11,12.07,12.24,12.07,12.23,12.23,8800
AAAU,2018-10-12,12.21,12.21,12.17,12.2,12.2,20300
AAAU,2018-10-15,12.27,12.3,12.26,12.27,12.27,6300
AAAU,2018-10-16,12.31,12.31,12.24,12.24,12.24,18700
AAAU,2018-10-17,12.26,12.28,12.22,12.22,12.22,7500
AAAU,2018-10-18,12.24,12.29,12.24,12.26,12.26,12200
AAAU,2018-10-19,12.27,12.28,12.26,12.26,12.26,3800
AAAU,2018-10-22,12.21,12.22,12.21,12.22,12.22,501900
AAAU,2018-10-23,12.39,12.39,12.3,12.3,12.3,13900
AAAU,2018-10-24,12.3,12.32,12.28,12.3,12.3,17600
AAAU,2018-10-25,12.32,12.32,12.28,12.29,12.29,9700
AAAU,2018-10-26,12.34,12.42,12.32,12.35,12.35,216400
AAAU,2018-10-29,12.31,12.31,12.25,12.3,12.3,13400
AAAU,2018-10-30,12.2,12.25,12.2,12.24,12.24,11000
AAAU,2018-10-31,12.15,12.17,12.12,12.17,12.17,16900
AAAU,2018-11-01,12.3,12.36,12.3,12.34,12.34,5600
AAAU,2018-11-02,12.33,12.35,12.31,12.34,12.34,13100
AAAU,2018-11-05,12.28,12.32,12.28,12.31,12.31,2700
AAAU,2018-11-06,12.31,12.31,12.24,12.26,12.26,13800
AAAU,2018-11-07,12.28,12.29,12.26,12.27,12.27,10100
AAAU,2018-11-08,12.24,12.25,12.22,12.22,12.22,3600
AAAU,2018-11-09,12.12,12.12,12.08,12.08,12.08,7100
AAAU,2018-11-12,12.05,12.05,12.01,12.01,12.01,7700
AAAU,2018-11-13,11.99,12.04,11.99,12.0,12.0,4200
AAAU,2018-11-14,12.0,12.15,11.99,12.11,12.11,7400
AAAU,2018-11-15,12.12,12.15,12.12,12.15,12.15,3400
AAAU,2018-11-16,12.24,12.24,12.21,12.21,12.21,4900
AAAU,2018-11-19,12.21,12.24,12.2,12.23,12.23,17800
AAAU,2018-11-20,12.24,12.24,12.2,12.21,12.21,6900
AAAU,2018-11-21,12.26,12.26,12.26,12.26,12.26,451900
AAAU,2018-11-23,12.26,12.26,12.26,12.26,12.26,100
AAAU,2018-11-26,12.25,12.25,12.22,12.22,12.22,1500
AAAU,2018-11-27,12.22,12.22,12.14,12.14,12.14,3400
AAAU,2018-11-28,12.23,12.25,12.19,12.2,12.2,6000
AAAU,2018-11-29,12.26,12.27,12.22,12.24,12.24,8600
AAAU,2018-11-30,12.17,12.21,12.17,12.21,12.21,2400
AAAU,2018-12-03,12.32,12.34,12.29,12.29,12.29,5900
AAAU,2018-12-04,12.41,12.41,12.37,12.38,12.38,3600
AAAU,2018-12-06,12.65,14.85,12.36,12.37,12.37,28200
AAAU,2018-12-07,12.45,12.5,12.45,12.5,12.5,5300
AAAU,2018-12-10,12.44,12.47,12.42,12.44,12.44,663000
AAAU,2018-12-11,12.44,12.44,12.42,12.42,12.42,5600
AAAU,2018-12-12,12.45,12.46,12.44,12.46,12.46,10100
AAAU,2018-12-13,12.41,12.43,12.41,12.43,12.43,23100
AAAU,2018-12-14,12.34,12.39,12.32,12.38,12.38,4700
AAAU,2018-12-17,12.42,12.46,12.41,12.46,12.46,3000
AAAU,2018-12-18,12.46,12.5,12.46,12.49,12.49,475500
AAAU,2018-12-19,12.51,12.57,12.42,12.42,12.42,16200
AAAU,2018-12-20,12.59,12.64,12.56,12.6,12.6,7200
AAAU,2018-12-21,12.61,12.61,12.54,12.55,12.55,25300
AAAU,2018-12-24,12.65,12.69,12.65,12.68,12.68,132300
AAAU,2018-12-26,12.79,12.83,12.67,12.67,12.67,23300
AAAU,2018-12-27,12.85,12.85,12.72,12.75,12.75,14300
AAAU,2018-12-28,12.79,12.8,12.77,12.8,12.8,98200
AAAU,2018-12-31,12.8,12.83,12.78,12.82,12.82,30300
AAAU,2019-01-02,12.87,13.11,12.8,13.05,13.05,46500
AAAU,2019-01-03,12.89,12.93,12.88,12.93,12.93,62600
AAAU,2019-01-04,12.83,12.85,12.76,12.84,12.84,12100
AAAU,2019-01-07,12.92,12.93,12.87,12.88,12.88,24500
AAAU,2019-01-08,12.78,12.85,12.78,12.85,12.85,17200
AAAU,2019-01-09,12.89,12.92,12.89,12.92,12.92,11600
AAAU,2019-01-10,12.9,12.91,12.86,12.86,12.86,536200
AAAU,2019-01-11,12.88,12.9,12.87,12.87,12.87,15900
AAAU,2019-01-14,12.91,12.91,12.89,12.91,12.91,4300
AAAU,2019-01-15,12.93,12.93,12.86,12.88,12.88,137900
AAAU,2019-01-16,12.91,12.94,12.91,12.93,12.93,163700
AAAU,2019-01-17,12.91,12.92,12.9,12.92,12.92,9000
AAAU,2019-01-18,12.82,12.83,12.8,12.81,12.81,30800
AAAU,2019-01-22,12.81,12.85,12.79,12.84,12.84,24200
AAAU,2019-01-23,12.9,12.9,12.78,12.83,12.83,14600
AAAU,2019-01-24,12.82,12.82,12.79,12.8,12.8,25300
AAAU,2019-01-25,12.91,12.99,12.91,12.99,12.99,19300
AAAU,2019-01-28,12.98,13.04,12.98,13.03,13.03,188000
AAAU,2019-01-29,13.08,13.11,13.06,13.11,13.11,18800
AAAU,2019-01-30,13.1,13.2,13.09,13.17,13.17,18900
AAAU,2019-01-31,13.24,13.24,13.19,13.19,13.19,30300
AAAU,2019-02-01,13.21,13.21,13.16,13.17,13.17,18600
AAAU,2019-02-04,13.12,13.14,13.11,13.12,13.12,21900
AAAU,2019-02-05,13.14,13.15,13.13,13.14,13.14,11200
AAAU,2019-02-06,13.13,13.13,13.06,13.06,13.06,5800
AAAU,2019-02-07,13.09,13.1,13.08,13.09,13.09,17300
AAAU,2019-02-08,13.12,13.14,13.11,13.14,13.14,17400
AAAU,2019-02-11,13.03,13.09,13.03,13.08,13.08,53000
AAAU,2019-02-12,13.11,13.11,13.08,13.1,13.1,35000
AAAU,2019-02-13,13.1,13.16,13.04,13.05,13.05,20700
AAAU,2019-02-14,13.1,13.12,13.07,13.12,13.12,15000
AAAU,2019-02-15,13.18,13.21,13.15,13.2,13.2,7900
AAAU,2019-02-19,13.33,13.4,13.33,13.4,13.4,13800
AAAU,2019-02-20,13.42,13.45,13.36,13.38,13.38,16500
AAAU,2019-02-21,13.34,13.34,13.23,13.23,13.23,20100
AAAU,2019-02-22,13.27,13.31,13.26,13.28,13.28,7000
AAAU,2019-02-25,13.31,13.31,13.25,13.26,13.26,17700
AAAU,2019-02-26,13.26,13.28,13.23,13.28,13.28,8000
AAAU,2019-02-27,13.24,13.24,13.17,13.19,13.19,6100
AAAU,2019-02-28,13.19,13.19,13.11,13.12,13.12,3500
AAAU,2019-03-01,13.05,13.09,12.89,12.89,12.89,19400
AAAU,2019-03-04,12.84,12.88,12.83,12.86,12.86,36600
AAAU,2019-03-05,12.84,12.87,12.81,12.87,12.87,7600
AAAU,2019-03-06,12.84,12.86,12.84,12.86,12.86,6200
AAAU,2019-03-07,12.83,12.86,12.83,12.85,12.85,23000
AAAU,2019-03-08,12.98,13.0,12.96,13.0,13.0,26400
AAAU,2019-03-11,12.96,12.96,12.89,12.93,12.93,16600
AAAU,2019-03-12,12.97,13.01,12.96,13.01,13.01,10000
AAAU,2019-03-13,13.07,13.1,13.06,13.09,13.09,35000
AAAU,2019-03-14,12.93,12.96,12.92,12.95,12.95,21300
AAAU,2019-03-15,13.02,13.02,13.0,13.01,13.01,10700
AAAU,2019-03-18,13.04,13.04,13.01,13.02,13.02,10300
AAAU,2019-03-19,13.09,13.09,13.05,13.06,13.06,2200
AAAU,2019-03-20,13.08,13.15,12.99,13.12,13.12,5000
AAAU,2019-03-21,13.16,13.16,13.08,13.08,13.08,32200
AAAU,2019-03-22,13.1,13.14,13.1,13.12,13.12,10600
AAAU,2019-03-25,13.18,13.23,13.17,13.21,13.21,15800
AAAU,2019-03-26,13.17,13.17,13.14,13.15,13.15,15200
AAAU,2019-03-27,13.15,13.15,13.08,13.08,13.08,14300
AAAU,2019-03-28,12.94,12.94,12.88,12.9,12.9,13200
AAAU,2019-03-29,12.98,12.98,12.91,12.91,12.91,19000
AAAU,2019-04-01,12.96,12.96,12.86,12.86,12.86,22300
AAAU,2019-04-02,12.88,12.9,12.88,12.9,12.9,20900
AAAU,2019-04-03,12.87,12.9,12.87,12.89,12.89,2300
AAAU,2019-04-04,12.82,12.93,12.81,12.91,12.91,9300
AAAU,2019-04-05,12.9,12.91,12.88,12.91,12.91,12600
AAAU,2019-04-08,13.0,13.01,12.96,12.96,12.96,10900
AAAU,2019-04-09,13.03,13.05,13.03,13.03,13.03,25900
AAAU,2019-04-10,13.04,13.08,13.04,13.07,13.07,10400
AAAU,2019-04-11,12.97,12.98,12.89,12.91,12.91,25600
AAAU,2019-04-12,12.91,12.93,12.89,12.89,12.89,11900
AAAU,2019-04-15,12.83,12.89,12.83,12.86,12.86,22100
AAAU,2019-04-16,12.74,12.76,12.72,12.75,12.75,6800
AAAU,2019-04-17,12.75,12.75,12.72,12.72,12.72,21100
AAAU,2019-04-18,12.73,12.74,12.71,12.74,12.74,13200
AAAU,2019-04-22,12.75,12.75,12.73,12.74,12.74,9000
AAAU,2019-04-23,12.69,12.72,12.67,12.71,12.71,13600
AAAU,2019-04-24,12.71,12.77,12.7,12.74,12.74,13100
AAAU,2019-04-25,12.8,12.8,12.76,12.76,12.76,4600
AAAU,2019-04-26,12.82,12.87,12.82,12.85,12.85,30300
AAAU,2019-04-29,12.79,12.79,12.77,12.78,12.78,19700
AAAU,2019-04-30,12.8,12.86,12.8,12.83,12.83,10900
AAAU,2019-05-01,12.81,12.85,12.72,12.75,12.75,33600
AAAU,2019-05-02,12.67,12.7,12.66,12.7,12.7,18500
AAAU,2019-05-03,12.76,12.79,12.76,12.77,12.77,28000
AAAU,2019-05-06,12.77,12.81,12.77,12.78,12.78,20700
AAAU,2019-05-07,12.81,12.84,12.81,12.83,12.83,42200
AAAU,2019-05-08,12.87,12.87,12.78,12.8,12.8,11900
AAAU,2019-05-09,12.8,12.84,12.8,12.82,12.82,33600
AAAU,2019-05-10,12.86,12.87,12.83,12.85,12.85,12600
AAAU,2019-05-13,12.98,12.99,12.94,12.97,12.97,21200
AAAU,2019-05-14,12.98,12.98,12.93,12.95,12.95,30800
AAAU,2019-05-15,12.98,12.99,12.94,12.95,12.95,28900
AAAU,2019-05-16,12.92,12.92,12.84,12.86,12.86,13900
AAAU,2019-05-17,12.81,12.81,12.74,12.76,12.76,8200
AAAU,2019-05-20,12.75,12.77,12.75,12.77,12.77,28500
AAAU,2019-05-21,12.7,12.73,12.68,12.73,12.73,10900
AAAU,2019-05-22,12.74,12.74,12.72,12.72,12.72,9500
AAAU,2019-05-23,12.83,12.85,12.82,12.82,12.82,34100
AAAU,2019-05-24,12.82,12.83,12.8,12.83,12.83,26000
AAAU,2019-05-28,12.79,12.79,12.76,12.78,12.78,22300
AAAU,2019-05-29,12.82,12.82,12.78,12.78,12.78,39100
AAAU,2019-05-30,12.8,12.88,12.79,12.87,12.87,13700
AAAU,2019-05-31,12.97,13.05,12.96,13.05,13.05,156600
AAAU,2019-06-03,13.13,13.26,13.12,13.24,13.24,35300
AAAU,2019-06-04,13.2,13.24,13.2,13.24,13.24,59700
AAAU,2019-06-05,13.36,13.36,13.26,13.27,13.27,28300
AAAU,2019-06-06,13.33,13.38,13.31,13.32,13.32,253300
AAAU,2019-06-07,13.44,13.46,13.39,13.4,13.4,12000
AAAU,2019-06-10,13.28,13.28,13.23,13.26,13.26,363800
AAAU,2019-06-11,13.23,13.26,13.22,13.25,13.25,4300
AAAU,2019-06-12,13.3,13.34,13.3,13.32,13.32,18100
AAAU,2019-06-13,13.43,13.5,13.37,13.44,13.44,9600
AAAU,2019-06-14,13.47,13.56,12.82,13.39,13.39,43100
AAAU,2019-06-17,13.41,13.46,13.35,13.4,13.4,42500
AAAU,2019-06-18,13.51,13.52,13.4,13.45,13.45,33000
AAAU,2019-06-19,13.42,13.54,13.42,13.53,13.53,64500
AAAU,2019-06-20,13.8,13.92,13.8,13.89,13.89,196900
AAAU,2019-06-21,13.95,13.99,13.9,13.98,13.98,67400
AAAU,2019-06-24,14.05,14.18,14.04,14.17,14.17,83900
AAAU,2019-06-25,14.28,14.34,14.12,14.22,14.22,105400
AAAU,2019-06-26,14.08,14.13,14.03,14.08,14.08,52300
AAAU,2019-06-27,14.02,14.06,14.01,14.06,14.06,26400
AAAU,2019-06-28,14.08,14.1,14.07,14.1,14.1,9600
AAAU,2019-07-01,13.8,13.96,13.75,13.81,13.81,26300
AAAU,2019-07-02,13.9,14.12,13.89,14.12,14.12,20200
AAAU,2019-07-03,14.14,14.19,14.12,14.14,14.14,31600
AAAU,2019-07-05,13.89,14.01,13.84,13.98,13.98,39500
AAAU,2019-07-08,14.0,14.01,13.9,13.9,13.9,39300
AAAU,2019-07-09,13.92,13.97,13.89,13.94,13.94,28000
AAAU,2019-07-10,14.07,14.17,14.04,14.15,14.15,23200
AAAU,2019-07-11,14.13,14.13,14.03,14.05,14.05,16400
AAAU,2019-07-12,14.07,14.15,14.05,14.13,14.13,30000
AAAU,2019-07-15,14.11,14.13,14.06,14.12,14.12,5700
AAAU,2019-07-16,14.1,14.1,14.0,14.01,14.01,16400
AAAU,2019-07-17,14.08,14.24,14.08,14.23,14.23,49100
AAAU,2019-07-18,14.17,14.46,14.15,14.43,14.43,118800
AAAU,2019-07-19,14.34,14.39,14.2,14.23,14.23,123700
AAAU,2019-07-22,14.24,14.27,14.22,14.23,14.23,56000
AAAU,2019-07-23,14.23,14.27,14.14,14.14,14.14,76800
AAAU,2019-07-24,14.25,14.26,14.19,14.22,14.22,55000
AAAU,2019-07-25,14.21,14.21,14.1,14.12,14.12,69900
AAAU,2019-07-26,14.21,14.21,14.15,14.15,14.15,28400
AAAU,2019-07-29,14.19,14.24,14.15,14.24,14.24,44200
AAAU,2019-07-30,14.28,14.3,14.24,14.29,14.29,42500
AAAU,2019-07-31,14.29,14.29,14.1,14.1,14.1,50900
AAAU,2019-08-01,14.03,14.44,14.02,14.43,14.43,80400
AAAU,2019-08-02,14.33,14.45,14.33,14.39,14.39,55500
AAAU,2019-08-05,14.6,14.67,14.55,14.58,14.58,75100
AAAU,2019-08-06,14.64,14.71,14.62,14.7,14.7,47000
AAAU,2019-08-07,14.96,15.07,14.92,14.93,14.93,194100
AAAU,2019-08-08,14.92,15.06,14.9,15.0,15.0,84300
AAAU,2019-08-09,14.96,15.04,14.92,14.96,14.96,51900
AAAU,2019-08-12,14.99,15.15,14.99,15.11,15.11,74000
AAAU,2019-08-13,15.16,15.16,14.77,15.01,15.01,132600
AAAU,2019-08-14,15.12,15.92,15.1,15.12,15.12,218300
AAAU,2019-08-15,15.14,15.23,15.1,15.21,15.21,92900
AAAU,2019-08-16,15.12,15.17,15.05,15.12,15.12,105600
AAAU,2019-08-19,14.97,15.01,14.91,14.93,14.93,84100
AAAU,2019-08-20,15.01,15.05,15.0,15.05,15.05,28500
AAAU,2019-08-21,15.0,15.04,14.99,15.01,15.01,57200
AAAU,2019-08-22,14.97,15.02,14.94,14.97,14.97,63100
AAAU,2019-08-23,15.02,15.27,15.0,15.27,15.27,49900
AAAU,2019-08-26,15.29,15.35,15.24,15.24,15.24,90300
AAAU,2019-08-27,15.28,15.41,15.28,15.4,15.4,66400
AAAU,2019-08-28,15.39,15.42,15.34,15.37,15.37,176000
AAAU,2019-08-29,15.4,15.4,15.18,15.26,15.26,111200
AAAU,2019-08-30,15.23,15.27,15.17,15.21,15.21,53900
AAAU,2019-09-03,15.35,15.47,15.34,15.43,15.43,98900
AAAU,2019-09-04,15.43,15.53,15.41,15.52,15.52,147000
AAAU,2019-09-05,15.35,15.35,15.06,15.16,15.16,162800
AAAU,2019-09-06,15.22,15.23,15.02,15.03,15.03,62600
AAAU,2019-09-09,15.08,15.08,14.96,14.97,14.97,59200
AAAU,2019-09-10,14.95,14.97,14.84,14.84,14.84,55200
AAAU,2019-09-11,14.87,14.96,14.86,14.94,14.94,75000
AAAU,2019-09-12,15.11,15.14,14.95,14.96,14.96,110600
AAAU,2019-09-13,15.01,15.03,14.84,14.85,14.85,28800
AAAU,2019-09-16,14.98,15.03,14.94,14.97,14.97,81500
AAAU,2019-09-17,15.02,15.03,14.97,14.99,14.99,15400
AAAU,2019-09-18,15.03,15.07,14.81,14.9,14.9,50100
AAAU,2019-09-19,14.99,15.0,14.95,14.95,14.95,20400
AAAU,2019-09-20,14.99,15.14,14.99,15.14,15.14,37400
AAAU,2019-09-23,15.17,15.24,15.15,15.23,15.23,67400
AAAU,2019-09-24,15.17,15.33,15.14,15.29,15.29,84600
AAAU,2019-09-25,15.26,15.26,14.99,15.02,15.02,42000
AAAU,2019-09-26,15.08,15.09,15.02,15.02,15.02,18500
AAAU,2019-09-27,14.87,14.99,14.85,14.94,14.94,470900
AAAU,2019-09-30,14.8,14.83,14.62,14.72,14.72,311300
AAAU,2019-10-01,14.61,14.83,14.59,14.77,14.77,236400
AAAU,2019-10-02,14.91,15.02,14.9,14.95,14.95,124400
AAAU,2019-10-03,14.96,15.16,14.96,15.03,15.03,41300
AAAU,2019-10-04,14.99,15.05,14.96,15.03,15.03,69900
AAAU,2019-10-07,14.94,14.99,14.87,14.89,14.89,109700
AAAU,2019-10-08,15.04,15.05,14.95,15.02,15.02,41300
AAAU,2019-10-09,15.06,15.08,15.02,15.05,15.05,60300
AAAU,2019-10-10,15.0,15.0,14.9,14.91,14.91,80700
AAAU,2019-10-11,14.83,14.83,14.71,14.82,14.82,153900
AAAU,2019-10-14,14.87,14.91,14.86,14.9,14.9,267800
AAAU,2019-10-15,14.86,14.86,14.75,14.78,14.78,34100
AAAU,2019-10-16,14.85,14.88,14.8,14.86,14.86,94900
AAAU,2019-10-17,14.9,14.93,14.88,14.88,14.88,88300
AAAU,2019-10-18,14.88,14.9,14.86,14.87,14.87,166300
AAAU,2019-10-21,14.91,14.91,14.8,14.8,14.8,51200
AAAU,2019-10-22,14.85,14.89,14.8,14.85,14.85,64100
AAAU,2019-10-23,14.9,14.93,14.89,14.89,14.89,22400
AAAU,2019-10-24,14.93,15.01,14.92,15.0,15.0,185300
AAAU,2019-10-25,15.13,15.13,14.98,15.02,15.02,212900
AAAU,2019-10-28,14.95,14.95,14.87,14.89,14.89,158300
AAAU,2019-10-29,14.84,14.87,14.81,14.85,14.85,41800
AAAU,2019-10-30,14.89,14.93,14.83,14.93,14.93,93400
AAAU,2019-10-31,15.04,15.11,15.03,15.08,15.08,126900
AAAU,2019-11-01,15.07,15.13,15.05,15.09,15.09,38300
AAAU,2019-11-04,15.07,15.09,15.02,15.05,15.05,103100
AAAU,2019-11-05,14.91,15.07,14.78,14.82,14.82,191500
AAAU,2019-11-06,14.85,14.89,14.84,14.87,14.87,31400
AAAU,2019-11-07,14.84,14.84,14.58,14.65,14.65,102600
AAAU,2019-11-08,14.59,14.64,14.56,14.56,14.56,58100
AAAU,2019-11-11,14.58,14.59,14.46,14.52,14.52,40300
AAAU,2019-11-12,14.51,14.57,14.43,14.56,14.56,37300
AAAU,2019-11-13,14.6,14.63,14.59,14.61,14.61,13600
AAAU,2019-11-14,14.66,14.72,14.62,14.66,14.66,12200
AAAU,2019-11-15,14.62,14.66,14.61,14.64,14.64,18600
AAAU,2019-11-18,14.66,14.71,14.65,14.69,14.69,124600
AAAU,2019-11-19,14.63,14.71,14.63,14.68,14.68,18000
AAAU,2019-11-20,14.69,14.72,14.64,14.7,14.7,33300
AAAU,2019-11-21,14.66,14.66,14.59,14.61,14.61,31500
AAAU,2019-11-22,14.66,14.66,14.59,14.59,14.59,17200
AAAU,2019-11-25,14.55,14.57,14.51,14.52,14.52,24600
AAAU,2019-11-26,14.5,14.59,14.5,14.58,14.58,48900
AAAU,2019-11-27,14.52,14.53,14.5,14.51,14.51,20600
AAAU,2019-11-29,14.53,14.61,14.52,14.61,14.61,8100
AAAU,2019-12-02,14.55,14.61,14.55,14.59,14.59,39400
AAAU,2019-12-03,14.72,14.78,14.72,14.74,14.74,57900
AAAU,2019-12-04,14.74,14.74,14.69,14.72,14.72,22000
AAAU,2019-12-05,14.71,14.77,14.71,14.73,14.73,12800
AAAU,2019-12-06,14.6,14.6,14.55,14.57,14.57,171400
AAAU,2019-12-09,14.6,14.6,14.56,14.58,14.58,18300
AAAU,2019-12-10,14.64,14.64,14.6,14.61,14.61,39500
AAAU,2019-12-11,14.64,14.75,14.63,14.71,14.71,28200
AAAU,2019-12-12,14.81,14.81,14.61,14.66,14.66,150700
AAAU,2019-12-13,14.68,14.74,14.63,14.74,14.74,41500
AAAU,2019-12-16,14.74,14.77,14.7,14.72,14.72,29000
AAAU,2019-12-17,14.72,14.74,14.71,14.72,14.72,24100
AAAU,2019-12-18,14.7,14.76,14.7,14.73,14.73,134200
AAAU,2019-12-19,14.73,14.78,14.72,14.76,14.76,28800
AAAU,2019-12-20,14.77,14.77,14.74,14.74,14.74,25500
AAAU,2019-12-23,14.78,14.83,14.78,14.82,14.82,95600
AAAU,2019-12-24,14.87,14.97,14.87,14.96,14.96,66400
AAAU,2019-12-26,15.06,15.1,15.04,15.07,15.07,42600
AAAU,2019-12-27,15.08,15.11,15.07,15.08,15.08,64600
AAAU,2019-12-30,15.11,15.13,15.11,15.11,15.11,93400
AAAU,2019-12-31,15.19,15.21,15.15,15.15,15.15,169000
AAAU,2020-01-02,15.24,15.28,15.2,15.25,15.25,43100
AAAU,2020-01-03,15.45,15.49,15.42,15.45,15.45,53400
AAAU,2020-01-06,15.76,15.77,15.59,15.62,15.62,84100
AAAU,2020-01-07,15.64,15.7,15.64,15.68,15.68,35000
AAAU,2020-01-08,15.75,15.75,15.49,15.56,15.56,133600
AAAU,2020-01-09,15.48,15.51,15.41,15.47,15.47,24700
AAAU,2020-01-10,15.5,15.57,15.5,15.57,15.57,99100
AAAU,2020-01-13,15.5,15.51,15.26,15.45,15.45,161400
AAAU,2020-01-14,15.4,15.44,15.38,15.44,15.44,43500
AAAU,2020-01-15,15.5,15.54,15.45,15.52,15.52,41800
AAAU,2020-01-16,15.5,15.5,15.45,15.49,15.49,78200
AAAU,2020-01-17,15.53,15.58,15.51,15.53,15.53,91600
AAAU,2020-01-21,15.45,15.67,15.44,15.55,15.55,164200
AAAU,2020-01-22,15.54,15.55,15.51,15.55,15.55,28900
AAAU,2020-01-23,15.54,15.64,15.54,15.59,15.59,125200
AAAU,2020-01-24,15.56,15.72,15.56,15.68,15.68,68600
AAAU,2020-01-27,15.8,15.8,15.74,15.79,15.79,56800
AAAU,2020-01-28,15.72,15.73,15.65,15.65,15.65,37700
AAAU,2020-01-29,15.65,15.74,15.64,15.73,15.73,29700
AAAU,2020-01-30,15.76,15.81,15.7,15.74,15.74,87200
AAAU,2020-01-31,15.79,15.85,15.79,15.83,15.83,80600
AAAU,2020-02-03,15.74,15.76,15.68,15.73,15.73,57100
AAAU,2020-02-04,15.58,15.58,15.46,15.51,15.51,170200
AAAU,2020-02-05,15.51,15.56,15.49,15.54,15.54,29000
AAAU,2020-02-06,15.61,15.63,15.58,15.63,15.63,172700
AAAU,2020-02-07,15.67,15.69,15.61,15.67,15.67,151700
AAAU,2020-02-10,15.71,15.73,15.68,15.69,15.69,63600
AAAU,2020-02-11,15.69,15.69,15.59,15.65,15.65,45100
AAAU,2020-02-12,15.63,15.66,15.6,15.63,15.63,34900
AAAU,2020-02-13,15.7,15.74,15.68,15.72,15.72,45300
AAAU,2020-02-14,15.78,15.81,15.74,15.79,15.79,52100
AAAU,2020-02-18,15.89,16.0,15.84,15.99,15.99,109600
AAAU,2020-02-19,16.01,16.09,15.98,16.09,16.09,80100
AAAU,2020-02-20,16.11,16.19,16.11,16.16,16.16,70200
AAAU,2020-02-21,16.37,16.44,16.34,16.4,16.4,135000
AAAU,2020-02-24,16.8,16.8,16.47,16.56,16.56,306600
AAAU,2020-02-25,16.45,16.53,16.23,16.25,16.25,123000
AAAU,2020-02-26,16.31,16.45,16.21,16.32,16.32,97800
AAAU,2020-02-27,16.49,16.55,16.32,16.32,16.32,146400
AAAU,2020-02-28,16.19,16.19,15.59,15.73,15.73,325700
AAAU,2020-03-02,15.9,15.97,15.8,15.81,15.81,293900
AAAU,2020-03-03,15.99,16.42,15.98,16.31,16.31,256700
AAAU,2020-03-04,16.37,16.41,16.3,16.34,16.34,293000
AAAU,2020-03-05,16.56,16.71,16.51,16.69,16.69,181100
AAAU,2020-03-06,16.79,16.85,16.39,16.69,16.69,311400
AAAU,2020-03-09,16.81,16.81,16.58,16.73,16.73,288200
AAAU,2020-03-10,16.56,16.56,16.39,16.4,16.4,230100
AAAU,2020-03-11,16.57,16.59,16.29,16.33,16.33,200100
AAAU,2020-03-12,16.06,16.06,15.56,15.67,15.67,394700
AAAU,2020-03-13,15.85,15.85,15.04,15.19,15.19,530600
AAAU,2020-03-16,14.59,15.14,14.49,15.04,15.04,412100
AAAU,2020-03-17,14.86,15.5,14.85,15.25,15.25,266000
AAAU,2020-03-18,15.01,15.14,14.71,14.93,14.93,256200
AAAU,2020-03-19,14.74,14.88,14.63,14.65,14.65,189800
AAAU,2020-03-20,14.91,14.94,14.76,14.86,14.86,203600
AAAU,2020-03-23,16.55,16.55,15.09,15.49,15.49,421600
AAAU,2020-03-24,16.39,16.5,16.08,16.36,16.36,605500
AAAU,2020-03-25,16.33,16.33,16.05,16.12,16.12,210300
AAAU,2020-03-26,16.45,16.53,16.23,16.4,16.4,212400
AAAU,2020-03-27,16.35,16.38,16.25,16.29,16.29,172500
AAAU,2020-03-30,16.29,16.33,16.09,16.24,16.24,536900
AAAU,2020-03-31,16.0,16.09,15.71,15.72,15.72,193700
AAAU,2020-04-01,15.74,16.16,15.68,15.87,15.87,296200
AAAU,2020-04-02,16.21,16.21,15.99,16.18,16.18,99200
AAAU,2020-04-03,16.15,16.23,16.08,16.18,16.18,160300
AAAU,2020-04-06,16.4,16.65,16.32,16.65,16.65,334600
AAAU,2020-04-07,16.48,16.55,16.38,16.54,16.54,214000
AAAU,2020-04-08,16.51,16.52,16.4,16.42,16.42,110700
AAAU,2020-04-09,16.75,16.85,16.68,16.79,16.79,283100
AAAU,2020-04-13,16.99,17.2,16.82,17.14,17.14,521600
AAAU,2020-04-14,17.34,17.43,17.02,17.25,17.25,536400
AAAU,2020-04-15,17.17,17.22,17.05,17.19,17.19,218000
AAAU,2020-04-16,17.24,17.3,17.05,17.14,17.14,395700
AAAU,2020-04-17,16.96,16.96,16.76,16.82,16.82,416900
AAAU,2020-04-20,16.91,17.1,16.8,17.03,17.03,292100
AAAU,2020-04-21,16.88,16.88,16.65,16.82,16.82,402100
AAAU,2020-04-22,17.04,17.15,17.01,17.15,17.15,351800
AAAU,2020-04-23,17.27,17.38,17.17,17.3,17.3,461700
AAAU,2020-04-24,17.3,17.32,17.06,17.23,17.23,399900
AAAU,2020-04-27,17.14,17.24,17.02,17.13,17.13,395400
AAAU,2020-04-28,17.06,17.07,16.88,17.03,17.03,207900
AAAU,2020-04-29,16.98,17.12,16.87,17.12,17.12,275400
AAAU,2020-04-30,17.0,17.43,16.75,16.84,16.84,617400
AAAU,2020-05-01,16.72,17.14,16.72,16.96,16.96,642400
AAAU,2020-05-04,17.01,17.05,16.96,17.01,17.01,344300
AAAU,2020-05-05,17.0,17.08,16.91,17.07,17.07,460300
AAAU,2020-05-06,16.88,16.93,16.77,16.84,16.84,237600
AAAU,2020-05-07,16.92,17.17,16.9,17.11,17.11,295700
AAAU,2020-05-08,17.09,17.19,16.98,17.02,17.02,146400
AAAU,2020-05-11,17.0,17.03,16.87,16.93,16.93,368300
AAAU,2020-05-12,17.0,17.06,16.94,16.98,16.98,191700
AAAU,2020-05-13,17.07,17.14,17.02,17.12,17.12,433300
AAAU,2020-05-14,17.14,17.31,17.13,17.28,17.28,488600
AAAU,2020-05-15,17.37,17.46,17.3,17.39,17.39,312300
AAAU,2020-05-18,17.44,17.44,17.23,17.25,17.25,552200
AAAU,2020-05-19,17.39,17.44,17.31,17.43,17.43,201900
AAAU,2020-05-20,17.45,17.53,17.39,17.51,17.51,377400
AAAU,2020-05-21,17.34,17.35,17.12,17.21,17.21,377500
AAAU,2020-05-22,17.28,17.33,17.26,17.3,17.3,202300
AAAU,2020-05-26,17.26,17.26,17.04,17.05,17.05,559900
AAAU,2020-05-27,16.9,17.11,16.88,17.1,17.1,480900
AAAU,2020-05-28,17.21,17.22,17.07,17.16,17.16,227500
AAAU,2020-05-29,17.25,17.32,17.22,17.27,17.27,426100
AAAU,2020-06-01,17.3,17.37,17.24,17.37,17.37,388700
AAAU,2020-06-02,17.39,17.4,17.17,17.24,17.24,166100
AAAU,2020-06-03,17.01,17.06,16.84,16.92,16.92,480300
AAAU,2020-06-04,17.07,17.16,16.95,17.11,17.11,270800
AAAU,2020-06-05,16.84,16.84,16.67,16.76,16.76,510400
AAAU,2020-06-08,16.85,16.95,16.81,16.95,16.95,386900
AAAU,2020-06-09,17.11,17.18,17.07,17.11,17.11,296100
AAAU,2020-06-10,17.2,17.35,17.08,17.35,17.35,316900
AAAU,2020-06-11,17.33,17.4,17.17,17.23,17.23,308800
AAAU,2020-06-12,17.34,17.37,17.25,17.27,17.27,161400
AAAU,2020-06-15,17.03,17.23,17.0,17.2,17.2,308700
AAAU,2020-06-16,17.15,17.25,17.11,17.21,17.21,165800
AAAU,2020-06-17,17.19,17.25,17.16,17.25,17.25,155000
AAAU,2020-06-18,17.27,17.27,17.14,17.23,17.23,102200
AAAU,2020-06-19,17.27,17.4,17.26,17.4,17.4,153800
AAAU,2020-06-22,17.5,17.57,17.44,17.5,17.5,308300
AAAU,2020-06-23,17.55,17.66,17.55,17.66,17.66,351800
AAAU,2020-06-24,17.61,17.71,17.56,17.61,17.61,329200
AAAU,2020-06-25,17.6,17.6,17.52,17.59,17.59,246800
AAAU,2020-06-26,17.49,17.67,17.42,17.67,17.67,335100
AAAU,2020-06-29,17.67,17.69,17.63,17.68,17.68,405500
AAAU,2020-06-30,17.65,17.8,17.61,17.78,17.78,319100
AAAU,2020-07-01,17.73,17.73,17.54,17.68,17.68,468100
AAAU,2020-07-02,17.64,17.74,17.62,17.71,17.71,257500
AAAU,2020-07-06,17.81,17.82,17.74,17.81,17.81,254600
AAAU,2020-07-07,17.76,17.93,17.76,17.93,17.93,326100
AAAU,2020-07-08,18.07,18.13,18.02,18.05,18.05,446000
AAAU,2020-07-09,18.09,18.1,17.91,17.99,17.99,635600
AAAU,2020-07-10,18.04,18.06,17.89,17.95,17.95,350900
AAAU,2020-07-13,18.07,18.08,17.95,17.97,17.97,324600
AAAU,2020-07-14,17.93,18.07,17.91,18.05,18.05,320700
AAAU,2020-07-15,18.0,18.08,17.97,18.07,18.07,152200
AAAU,2020-07-16,18.01,18.03,17.89,17.9,17.9,498200
AAAU,2020-07-17,18.01,18.06,18.0,18.05,18.05,196800
AAAU,2020-07-20,18.12,18.15,18.06,18.13,18.13,360100
AAAU,2020-07-21,18.31,18.38,18.28,18.36,18.36,396700
AAAU,2020-07-22,18.47,18.65,18.43,18.64,18.64,500300
AAAU,2020-07-23,18.7,18.94,18.65,18.82,18.82,892300
AAAU,2020-07-24,19.03,19.03,18.92,18.98,18.98,706500
AAAU,2020-07-27,19.32,19.4,19.26,19.34,19.34,1107300
AAAU,2020-07-28,19.34,19.55,19.27,19.53,19.53,492200
AAAU,2020-07-29,19.57,19.75,19.37,19.64,19.64,694200
AAAU,2020-07-30,19.47,19.56,19.31,19.5,19.5,645300
AAAU,2020-07-31,19.58,19.7,19.53,19.69,19.69,477800
AAAU,2020-08-03,19.64,19.71,19.54,19.7,19.7,619400
AAAU,2020-08-04,19.72,20.12,19.66,20.11,20.11,408400
AAAU,2020-08-05,20.32,20.48,20.22,20.3,20.3,605200
AAAU,2020-08-06,20.53,20.63,20.43,20.57,20.57,770300
AAAU,2020-08-07,20.46,20.47,20.09,20.25,20.25,962300
AAAU,2020-08-10,20.38,20.43,20.13,20.19,20.19,819100
AAAU,2020-08-11,19.44,19.52,19.04,19.08,19.08,1604500
AAAU,2020-08-12,19.36,19.42,19.01,19.03,19.03,582100
AAAU,2020-08-13,19.25,19.6,19.25,19.47,19.47,603800
AAAU,2020-08-14,19.47,19.49,19.26,19.36,19.36,333100
AAAU,2020-08-17,19.61,19.83,19.58,19.77,19.77,753800
AAAU,2020-08-18,20.07,20.1,19.71,19.97,19.97,527500
AAAU,2020-08-19,19.85,19.88,19.27,19.34,19.34,755700
AAAU,2020-08-20,19.23,19.49,19.2,19.46,19.46,293800
AAAU,2020-08-21,19.33,19.38,19.15,19.32,19.32,250000
AAAU,2020-08-24,19.41,19.41,19.17,19.2,19.2,311600
AAAU,2020-08-25,19.21,19.23,19.08,19.22,19.22,235700
AAAU,2020-08-26,19.13,19.48,19.12,19.46,19.46,627400
AAAU,2020-08-27,19.65,19.65,19.03,19.23,19.23,1174000
AAAU,2020-08-28,19.51,19.66,19.46,19.57,19.57,566500
AAAU,2020-08-31,19.61,19.68,19.56,19.61,19.61,709800
AAAU,2020-09-01,19.85,19.85,19.56,19.64,19.64,974900
AAAU,2020-09-02,19.51,19.51,19.27,19.38,19.38,769600
AAAU,2020-09-03,19.32,19.39,19.15,19.23,19.23,1519300
AAAU,2020-09-04,19.21,19.31,19.11,19.27,19.27,926600
AAAU,2020-09-08,19.04,19.33,19.0,19.25,19.25,1423200
AAAU,2020-09-09,19.37,19.44,19.33,19.42,19.42,454200
AAAU,2020-09-10,19.54,19.58,19.34,19.36,19.36,541400
AAAU,2020-09-11,19.44,19.47,19.32,19.36,19.36,367700
AAAU,2020-09-14,19.48,19.54,19.46,19.51,19.51,701500
AAAU,2020-09-15,19.57,19.59,19.41,19.46,19.46,343800
AAAU,2020-09-16,19.63,19.63,19.45,19.51,19.51,570300
AAAU,2020-09-17,19.29,19.42,19.26,19.42,19.42,683100
AAAU,2020-09-18,19.43,19.52,19.38,19.44,19.44,319200
AAAU,2020-09-21,19.09,19.13,18.76,19.05,19.05,1124700
AAAU,2020-09-22,19.05,19.1,18.89,18.96,18.96,517800
AAAU,2020-09-23,18.76,18.8,18.48,18.54,18.54,1552300
AAAU,2020-09-24,18.5,18.7,18.45,18.62,18.62,849600
AAAU,2020-09-25,18.52,18.6,18.46,18.57,18.57,481300
AAAU,2020-09-28,18.64,18.76,18.58,18.75,18.75,319700
AAAU,2020-09-29,18.81,18.91,18.78,18.9,18.9,712600
AAAU,2020-09-30,18.86,18.95,18.75,18.8,18.8,537100
AAAU,2020-10-01,18.97,19.05,18.89,18.97,18.97,479300
AAAU,2020-10-02,18.97,19.01,18.91,18.95,18.95,376900
AAAU,2020-10-05,19.0,19.11,18.99,19.04,19.04,620800
AAAU,2020-10-06,19.13,19.14,18.78,18.81,18.81,896300
AAAU,2020-10-07,18.8,18.82,18.73,18.8,18.8,449000
AAAU,2020-10-08,18.9,18.93,18.76,18.87,18.87,417100
AAAU,2020-10-09,19.12,19.22,19.1,19.22,19.22,420400
AAAU,2020-10-12,19.15,19.19,19.12,19.17,19.17,195100
AAAU,2020-10-13,18.96,18.96,18.8,18.86,18.86,583500
AAAU,2020-10-14,19.01,19.05,18.9,18.9,18.9,233500
AAAU,2020-10-15,18.84,19.01,18.84,18.99,18.99,461000
AAAU,2020-10-16,19.02,19.02,18.91,18.93,18.93,710400
AAAU,2020-10-19,19.03,19.05,18.93,18.93,18.93,397200
AAAU,2020-10-20,18.94,19.07,18.91,19.02,19.02,422800
AAAU,2020-10-21,19.14,19.24,19.13,19.17,19.17,342900
AAAU,2020-10-22,19.0,19.0,18.88,18.98,18.98,536900
AAAU,2020-10-23,19.0,19.01,18.87,18.97,18.97,274800
AAAU,2020-10-26,18.98,19.0,18.92,18.94,18.94,440200
AAAU,2020-10-27,18.97,19.04,18.95,19.01,19.01,417300
AAAU,2020-10-28,18.73,18.77,18.62,18.7,18.7,977000
AAAU,2020-10-29,18.59,18.7,18.55,18.62,18.62,711600
AAAU,2020-10-30,18.82,18.83,18.68,18.71,18.71,390500
AAAU,2020-11-02,18.84,18.88,18.8,18.87,18.87,325200
AAAU,2020-11-03,18.98,19.04,18.94,18.99,18.99,771000
AAAU,2020-11-04,19.0,19.01,18.86,18.97,18.97,969700
AAAU,2020-11-05,19.22,19.45,19.21,19.43,19.43,1126200
AAAU,2020-11-06,19.47,19.48,19.34,19.45,19.45,427300
AAAU,2020-11-09,18.73,18.73,18.43,18.59,18.59,2382800
AAAU,2020-11-10,18.77,18.78,18.65,18.66,18.66,457100
AAAU,2020-11-11,18.55,18.59,18.51,18.57,18.57,527300
AAAU,2020-11-12,18.7,18.76,18.67,18.68,18.68,260800
AAAU,2020-11-13,18.86,18.87,18.77,18.8,18.8,1133000
AAAU,2020-11-16,18.8,18.88,18.77,18.8,18.8,542000
AAAU,2020-11-17,18.81,18.84,18.7,18.74,18.74,842600
AAAU,2020-11-18,18.7,18.77,18.62,18.62,18.62,545500
AAAU,2020-11-19,18.49,18.6,18.49,18.59,18.59,439500
AAAU,2020-11-20,18.69,18.72,18.64,18.65,18.65,200200
AAAU,2020-11-23,18.6,18.6,18.24,18.28,18.28,1023300
AAAU,2020-11-24,17.98,18.01,17.93,17.99,17.99,763800
AAAU,2020-11-25,18.03,18.1,17.98,17.98,17.98,386300
AAAU,2020-11-27,17.73,17.81,17.71,17.8,17.8,478100
AAAU,2020-11-30,17.68,17.77,17.62,17.69,17.69,505300
AAAU,2020-12-01,18.02,18.09,17.97,18.06,18.06,270400
AAAU,2020-12-02,18.12,18.23,18.07,18.2,18.2,289300
AAAU,2020-12-03,18.32,18.35,18.16,18.34,18.34,266800
AAAU,2020-12-04,18.34,18.39,18.22,18.3,18.3,379800
AAAU,2020-12-07,18.33,18.6,18.32,18.56,18.56,297500
AAAU,2020-12-08,18.62,18.68,18.55,18.63,18.63,234800
AAAU,2020-12-09,18.47,18.48,18.18,18.31,18.31,538200
AAAU,2020-12-10,18.35,18.42,18.23,18.27,18.27,121400
AAAU,2020-12-11,18.27,18.39,18.27,18.31,18.31,220900
AAAU,2020-12-14,18.26,18.31,18.15,18.2,18.2,434000
AAAU,2020-12-15,18.4,18.47,18.38,18.46,18.46,473000
AAAU,2020-12-16,18.49,18.58,18.37,18.57,18.57,708900
AAAU,2020-12-17,18.82,18.88,18.75,18.76,18.76,644800
AAAU,2020-12-18,18.76,18.78,18.7,18.72,18.72,363700
AAAU,2020-12-21,18.7,18.78,18.66,18.67,18.67,634300
AAAU,2020-12-22,18.7,18.71,18.51,18.53,18.53,433200
AAAU,2020-12-23,18.6,18.7,18.58,18.64,18.64,305800
AAAU,2020-12-24,18.65,18.72,18.63,18.71,18.71,168100
AAAU,2020-12-28,18.8,18.88,18.64,18.66,18.66,487900
AAAU,2020-12-29,18.7,18.78,18.65,18.71,18.71,432600
AAAU,2020-12-30,18.74,18.87,18.73,18.87,18.87,400200
AAAU,2020-12-31,18.89,18.94,18.83,18.94,18.94,282500
AAAU,2021-01-04,19.33,19.36,19.22,19.35,19.35,767800
AAAU,2021-01-05,19.42,19.44,19.31,19.41,19.41,607000
AAAU,2021-01-06,19.27,19.27,18.93,19.1,19.1,1425400
AAAU,2021-01-07,19.07,19.1,18.99,19.05,19.05,330200
AAAU,2021-01-08,18.78,18.78,18.22,18.41,18.41,1217300
AAAU,2021-01-11,18.27,18.44,18.27,18.38,18.38,441700
AAAU,2021-01-12,18.39,18.49,18.3,18.49,18.49,497800
AAAU,2021-01-13,18.45,18.52,18.39,18.4,18.4,665100
AAAU,2021-01-14,18.41,18.5,18.34,18.4,18.4,682400
AAAU,2021-01-15,18.36,18.37,18.16,18.18,18.18,333500
AAAU,2021-01-19,18.34,18.35,18.26,18.31,18.31,3583100
AAAU,2021-01-20,18.52,18.63,18.46,18.63,18.63,355500
AAAU,2021-01-21,18.6,18.63,18.53,18.62,18.62,222000
AAAU,2021-01-22,18.37,18.5,18.31,18.47,18.47,539700
AAAU,2021-01-25,18.55,18.58,18.4,18.47,18.47,632000
AAAU,2021-01-26,18.47,18.5,18.42,18.44,18.44,3794000
AAAU,2021-01-27,18.37,18.41,18.24,18.34,18.34,569600
AAAU,2021-01-28,18.5,18.55,18.27,18.33,18.33,614100
AAAU,2021-01-29,18.56,18.59,18.35,18.35,18.35,616300
AAAU,2021-02-01,18.58,18.61,18.49,18.52,18.52,573400
AAAU,2021-02-02,18.31,18.32,18.22,18.27,18.27,353500
AAAU,2021-02-03,18.29,18.32,18.22,18.25,18.25,538600
AAAU,2021-02-04,17.86,17.88,17.78,17.85,17.85,845700
AAAU,2021-02-05,17.93,18.07,17.91,18.04,18.04,398300
AAAU,2021-02-08,18.27,18.3,18.22,18.23,18.23,773900
AAAU,2021-02-09,18.32,18.38,18.25,18.27,18.27,582300
AAAU,2021-02-10,18.38,18.39,18.27,18.34,18.34,792400
AAAU,2021-02-11,18.35,18.36,18.14,18.17,18.17,393100
AAAU,2021-02-12,18.09,18.22,18.04,18.12,18.12,606700
AAAU,2021-02-16,17.85,18.06,17.82,17.86,17.86,575600
AAAU,2021-02-17,17.74,17.77,17.62,17.66,17.66,1029000
AAAU,2021-02-18,17.73,17.77,17.6,17.66,17.66,796300
AAAU,2021-02-19,17.7,17.83,17.7,17.75,17.75,780600
AAAU,2021-02-22,17.91,18.04,17.88,18.0,18.0,572200
AAAU,2021-02-23,18.01,18.03,17.88,17.95,17.95,1068300
AAAU,2021-02-24,17.8,17.96,17.76,17.95,17.95,982500
AAAU,2021-02-25,17.73,17.81,17.57,17.62,17.62,1380100
AAAU,2021-02-26,17.53,17.53,17.1,17.19,17.19,1249100
AAAU,2021-03-01,17.3,17.35,17.12,17.16,17.16,505500
AAAU,2021-03-02,17.19,17.3,17.13,17.24,17.24,369500
AAAU,2021-03-03,17.07,17.17,16.94,17.06,17.06,1214600
AAAU,2021-03-04,17.06,17.14,16.83,16.89,16.89,1146700
AAAU,2021-03-05,16.95,16.97,16.84,16.9,16.9,304100
AAAU,2021-03-08,16.84,16.85,16.69,16.72,16.72,593100
AAAU,2021-03-09,17.06,17.12,17.04,17.08,17.08,387400
AAAU,2021-03-10,17.1,17.18,17.06,17.16,17.16,346700
AAAU,2021-03-11,17.16,17.2,17.12,17.15,17.15,1166000
AAAU,2021-03-12,16.94,17.18,16.93,17.16,17.16,735100
AAAU,2021-03-15,17.23,17.27,17.15,17.23,17.23,386900
AAAU,2021-03-16,17.26,17.33,17.2,17.25,17.25,324100
AAAU,2021-03-17,17.25,17.43,17.16,17.36,17.36,510000
AAAU,2021-03-18,17.1,17.29,17.1,17.28,17.28,385300
AAAU,2021-03-19,17.26,17.36,17.26,17.33,17.33,239700
AAAU,2021-03-22,17.25,17.33,17.22,17.31,17.31,358500
AAAU,2021-03-23,17.27,17.27,17.17,17.18,17.18,589100
AAAU,2021-03-24,17.24,17.3,17.2,17.24,17.24,722300
AAAU,2021-03-25,17.31,17.37,17.14,17.2,17.2,968800
AAAU,2021-03-26,17.17,17.28,17.17,17.24,17.24,387800
AAAU,2021-03-29,17.15,17.16,16.99,17.02,17.02,416400
AAAU,2021-03-30,16.77,16.8,16.73,16.75,16.75,458400
AAAU,2021-03-31,16.78,17.07,16.78,16.99,16.99,280800
AAAU,2021-04-01,17.16,17.22,17.14,17.2,17.2,386900
AAAU,2021-04-05,17.16,17.25,17.15,17.21,17.21,240000
AAAU,2021-04-06,17.28,17.38,17.28,17.33,17.33,686000
AAAU,2021-04-07,17.31,17.34,17.27,17.3,17.3,371100
AAAU,2021-04-08,17.43,17.5,17.43,17.48,17.48,375000
AAAU,2021-04-09,17.3,17.38,17.26,17.34,17.34,828100
AAAU,2021-04-12,17.28,17.29,17.19,17.23,17.23,549700
AAAU,2021-04-13,17.33,17.4,17.32,17.37,17.37,406900
AAAU,2021-04-14,17.3,17.32,17.25,17.28,17.28,205500
AAAU,2021-04-15,17.42,17.61,17.42,17.57,17.57,495600
AAAU,2021-04-16,17.65,17.72,17.64,17.68,17.68,505200
AAAU,2021-04-19,17.63,17.68,17.61,17.62,17.62,470300
AAAU,2021-04-20,17.61,17.72,17.6,17.7,17.7,434400
AAAU,2021-04-21,17.75,17.89,17.75,17.87,17.87,786900
AAAU,2021-04-22,17.76,17.8,17.69,17.74,17.74,280100
AAAU,2021-04-23,17.79,17.8,17.62,17.68,17.68,301100
AAAU,2021-04-26,17.72,17.73,17.65,17.73,17.73,515600
AAAU,2021-04-27,17.74,17.76,17.67,17.69,17.69,239500
AAAU,2021-04-28,17.62,17.74,17.59,17.74,17.74,419300
AAAU,2021-04-29,17.6,17.67,17.49,17.67,17.67,562700
AAAU,2021-04-30,17.63,17.64,17.56,17.6,17.6,431200
AAAU,2021-05-03,17.8,17.89,17.8,17.83,17.83,382900
AAAU,2021-05-04,17.82,17.9,17.63,17.69,17.69,594000
AAAU,2021-05-05,17.71,17.78,17.71,17.78,17.78,323200
AAAU,2021-05-06,17.85,18.09,17.84,18.07,18.07,472100
AAAU,2021-05-07,18.23,18.33,18.17,18.22,18.22,365400
AAAU,2021-05-10,18.36,18.36,18.26,18.29,18.29,157000
AAAU,2021-05-11,18.12,18.3,18.1,18.3,18.3,264100
AAAU,2021-05-12,18.21,18.26,18.1,18.12,18.12,655200
AAAU,2021-05-13,18.11,18.19,18.09,18.19,18.19,216800
AAAU,2021-05-14,18.29,18.35,18.26,18.34,18.34,209300
AAAU,2021-05-17,18.42,18.59,18.42,18.57,18.57,304100
AAAU,2021-05-18,18.62,18.62,18.54,18.61,18.61,219800
AAAU,2021-05-19,18.62,18.81,18.54,18.61,18.61,922100
AAAU,2021-05-20,18.64,18.75,18.61,18.69,18.69,604000
AAAU,2021-05-21,18.77,18.79,18.62,18.7,18.7,342600
AAAU,2021-05-24,18.72,18.77,18.68,18.75,18.75,296800
AAAU,2021-05-25,18.73,18.91,18.71,18.91,18.91,505700
AAAU,2021-05-26,18.96,18.98,18.82,18.87,18.87,382900
AAAU,2021-05-27,18.85,18.9,18.79,18.89,18.89,254300
AAAU,2021-05-28,18.87,18.96,18.84,18.95,18.95,409000
AAAU,2021-06-01,18.99,19.0,18.83,18.9,18.9,393700
AAAU,2021-06-02,18.95,19.0,18.92,19.0,19.0,321300
AAAU,2021-06-03,18.69,18.69,18.56,18.63,18.63,252900
AAAU,2021-06-04,18.78,18.87,18.78,18.83,18.83,294300
AAAU,2021-06-07,18.8,18.91,18.77,18.91,18.91,387100
AAAU,2021-06-08,18.84,18.87,18.75,18.85,18.85,687800
AAAU,2021-06-09,18.86,18.89,18.79,18.81,18.81,343500
AAAU,2021-06-10,18.77,18.9,18.75,18.88,18.88,352800
AAAU,2021-06-11,18.75,18.76,18.66,18.68,18.68,381100
AAAU,2021-06-14,18.41,18.6,18.39,18.57,18.57,348800
AAAU,2021-06-15,18.58,18.58,18.43,18.5,18.5,199000
AAAU,2021-06-16,18.49,18.54,18.18,18.19,18.19,514700
AAAU,2021-06-17,17.74,17.81,17.59,17.63,17.63,646100
AAAU,2021-06-18,17.65,17.71,17.54,17.54,17.54,379700
AAAU,2021-06-21,17.7,17.77,17.65,17.75,17.75,317500
AAAU,2021-06-22,17.69,17.74,17.65,17.68,17.68,290600
AAAU,2021-06-23,17.75,17.85,17.65,17.65,17.65,536200
AAAU,2021-06-24,17.75,17.76,17.65,17.66,17.66,352000
AAAU,2021-06-25,17.81,17.81,17.67,17.71,17.71,248000
AAAU,2021-06-28,17.72,17.73,17.68,17.71,17.71,250900
AAAU,2021-06-29,17.48,17.57,17.44,17.53,17.53,368700
AAAU,2021-06-30,17.5,17.65,17.47,17.6,17.6,303100
AAAU,2021-07-01,17.71,17.73,17.6,17.67,17.67,217500
AAAU,2021-07-02,17.8,17.83,17.69,17.78,17.78,258500
AAAU,2021-07-06,17.99,18.03,17.81,17.87,17.87,510300
AAAU,2021-07-07,17.93,17.99,17.89,17.95,17.95,289100
AAAU,2021-07-08,18.06,18.06,17.85,17.93,17.93,210200
AAAU,2021-07-09,17.95,18.03,17.93,17.99,17.99,317400
AAAU,2021-07-12,17.94,17.98,17.83,17.97,17.97,477200
AAAU,2021-07-13,18.01,18.06,17.97,18.0,18.0,259100
AAAU,2021-07-14,18.16,18.18,18.11,18.18,18.18,373900
AAAU,2021-07-15,18.17,18.2,18.11,18.2,18.2,265400
AAAU,2021-07-16,18.15,18.17,18.0,18.01,18.01,258800
AAAU,2021-07-19,18.01,18.06,17.96,18.02,18.02,449100
AAAU,2021-07-20,18.12,18.15,17.97,18.0,18.0,235900
AAAU,2021-07-21,17.9,17.97,17.88,17.95,17.95,274900
AAAU,2021-07-22,17.92,17.99,17.87,17.98,17.98,387600
AAAU,2021-07-23,17.91,17.95,17.86,17.93,17.93,192900
AAAU,2021-07-26,17.92,17.95,17.87,17.88,17.88,282700
AAAU,2021-07-27,17.94,17.95,17.86,17.92,17.92,431100
AAAU,2021-07-28,17.89,18.0,17.86,18.0,18.0,235400
AAAU,2021-07-29,18.15,18.23,18.14,18.19,18.19,240400
AAAU,2021-07-30,18.16,18.18,18.01,18.06,18.06,161400
AAAU,2021-08-02,18.01,18.1,17.97,18.04,18.04,440900
AAAU,2021-08-03,18.02,18.05,18.0,18.03,18.03,196000
AAAU,2021-08-04,18.2,18.22,17.96,18.02,18.02,574400
AAAU,2021-08-05,18.01,18.01,17.89,17.96,17.96,313800
AAAU,2021-08-06,17.64,17.64,17.49,17.5,17.5,420900
AAAU,2021-08-09,17.34,17.36,17.16,17.2,17.2,379300
AAAU,2021-08-10,17.17,17.23,17.09,17.21,17.21,362800
AAAU,2021-08-11,17.36,17.45,17.3,17.43,17.43,282100
AAAU,2021-08-12,17.41,17.45,17.33,17.45,17.45,336400
AAAU,2021-08-13,17.54,17.7,17.53,17.69,17.69,211900
AAAU,2021-08-16,17.73,17.8,17.71,17.79,17.79,134300
AAAU,2021-08-17,17.8,17.83,17.72,17.76,17.76,168400
AAAU,2021-08-18,17.77,17.8,17.69,17.77,17.77,189400
AAAU,2021-08-19,17.78,17.79,17.67,17.71,17.71,81000
AAAU,2021-08-20,17.75,17.77,17.69,17.73,17.73,135800
AAAU,2021-08-23,17.96,17.96,17.86,17.93,17.93,258500
AAAU,2021-08-24,17.98,18.0,17.93,17.94,17.94,134400
AAAU,2021-08-25,17.86,17.86,17.74,17.81,17.81,534200
AAAU,2021-08-26,17.79,17.87,17.74,17.83,17.83,170800
AAAU,2021-08-27,17.82,18.1,17.75,18.1,18.1,258800
AAAU,2021-08-30,18.05,18.06,17.99,18.01,18.01,168900
AAAU,2021-08-31,18.0,18.07,17.95,18.06,18.06,211900
AAAU,2021-09-01,18.06,18.08,18.0,18.05,18.05,266500
AAAU,2021-09-02,18.03,18.04,17.96,18.01,18.01,136600
AAAU,2021-09-03,18.14,18.23,18.1,18.19,18.19,200600
AAAU,2021-09-07,18.04,18.05,17.83,17.84,17.84,237200
AAAU,2021-09-08,17.86,17.87,17.73,17.78,17.78,339300
AAAU,2021-09-09,17.89,17.89,17.75,17.87,17.87,218700
AAAU,2021-09-10,17.85,17.87,17.78,17.79,17.79,86200
AAAU,2021-09-13,17.82,17.88,17.81,17.84,17.84,84300
AAAU,2021-09-14,17.88,17.99,17.81,17.95,17.95,108600
AAAU,2021-09-15,17.89,17.9,17.82,17.85,17.85,160700
AAAU,2021-09-16,17.49,17.49,17.38,17.45,17.45,342800
AAAU,2021-09-17,17.43,17.47,17.39,17.42,17.42,246400
AAAU,2021-09-20,17.48,17.57,17.46,17.55,17.55,245900
AAAU,2021-09-21,17.62,17.72,17.61,17.66,17.66,112400
AAAU,2021-09-22,17.65,17.78,17.56,17.6,17.6,1066100
AAAU,2021-09-23,17.46,17.46,17.37,17.39,17.39,252200
AAAU,2021-09-24,17.34,17.44,17.31,17.38,17.38,211200
AAAU,2021-09-27,17.42,17.47,17.39,17.4,17.4,131100
AAAU,2021-09-28,17.32,17.32,17.2,17.24,17.24,288100
AAAU,2021-09-29,17.27,17.3,17.13,17.17,17.17,280900
AAAU,2021-09-30,17.3,17.53,17.27,17.46,17.46,266100
AAAU,2021-10-01,17.48,17.55,17.44,17.51,17.51,400800
AAAU,2021-10-04,17.42,17.61,17.39,17.59,17.59,321500
AAAU,2021-10-05,17.44,17.54,17.4,17.5,17.5,201000
AAAU,2021-10-06,17.47,17.55,17.46,17.55,17.55,206000
AAAU,2021-10-07,17.44,17.53,17.44,17.46,17.46,55300
AAAU,2021-10-08,17.69,17.7,17.47,17.48,17.48,207800
AAAU,2021-10-11,17.46,17.51,17.43,17.43,17.43,71500
AAAU,2021-10-12,17.51,17.58,17.48,17.52,17.52,159200
AAAU,2021-10-13,17.57,17.85,17.57,17.82,17.82,130300
AAAU,2021-10-14,17.88,17.9,17.85,17.86,17.86,149500
AAAU,2021-10-15,17.6,17.66,17.56,17.58,17.58,131800
AAAU,2021-10-18,17.6,17.61,17.53,17.55,17.55,105800
AAAU,2021-10-19,17.7,17.71,17.57,17.61,17.61,83500
AAAU,2021-10-20,17.69,17.77,17.65,17.76,17.76,122100
AAAU,2021-10-21,17.74,17.75,17.68,17.74,17.74,122100
AAAU,2021-10-22,17.94,18.02,17.74,17.85,17.85,215600
AAAU,2021-10-25,17.95,18.0,17.93,17.97,17.97,280600
AAAU,2021-10-26,17.86,17.86,17.72,17.83,17.83,311600
AAAU,2021-10-27,17.83,17.89,17.75,17.89,17.89,288500
AAAU,2021-10-28,17.96,18.0,17.82,17.87,17.87,183600
AAAU,2021-10-29,17.69,17.74,17.63,17.73,17.73,213700
AAAU,2021-11-01,17.8,17.86,17.77,17.83,17.83,216400
AAAU,2021-11-02,17.82,17.83,17.77,17.78,17.78,157400
AAAU,2021-11-03,17.6,17.65,17.49,17.64,17.64,336800
AAAU,2021-11-04,17.81,17.89,17.81,17.83,17.83,237000
AAAU,2021-11-05,17.91,18.07,17.86,18.06,18.06,360200
AAAU,2021-11-08,18.13,18.16,18.1,18.14,18.14,163300
AAAU,2021-11-09,18.17,18.22,18.11,18.21,18.21,170400
AAAU,2021-11-10,18.46,18.56,18.31,18.41,18.41,399800
AAAU,2021-11-11,18.5,18.53,18.48,18.52,18.52,232100
AAAU,2021-11-12,18.46,18.58,18.45,18.56,18.56,302100
AAAU,2021-11-15,18.53,18.57,18.48,18.53,18.53,272200
AAAU,2021-11-16,18.52,18.56,18.39,18.4,18.4,504200
AAAU,2021-11-17,18.54,18.57,18.5,18.56,18.56,286800
AAAU,2021-11-18,18.51,18.55,18.46,18.5,18.5,230000
AAAU,2021-11-19,18.47,18.52,18.33,18.37,18.37,225200
AAAU,2021-11-22,18.08,18.13,17.92,17.94,17.94,345300
AAAU,2021-11-23,17.79,17.83,17.71,17.8,17.8,276600
AAAU,2021-11-24,17.73,17.81,17.7,17.78,17.78,269900
AAAU,2021-11-26,17.95,17.95,17.7,17.75,17.75,334600
AAAU,2021-11-29,17.75,17.79,17.71,17.73,17.73,171900
AAAU,2021-11-30,17.84,17.98,17.6,17.61,17.61,250700
